window,setup_name,target_model,management_model,direction_filter,accepted,accepted_keep_rate,avg_r,avg_r_delta,direction_accuracy,direction_accuracy_delta,bad_entry_rate,bad_entry_rate_delta,return_to_dd,return_to_dd_delta,verdict
15m_60d,late_us_short_bearish_trend_ce,fixed_1_5r,partial_1r_be_after_half_target,confirmed_only,38,0.6785714285714286,0.35812857202358916,0.17620576158929518,0.5,0.0357142857142857,0.13157894736842105,-0.15413533834586465,5.070818840946736,3.774688562782443,return_improver
15m_60d,late_us_short_bearish_trend_ce,fixed_1_5r,be_after_half_target,confirmed_only,38,0.6785714285714286,0.3336747772342271,0.1565682324512426,0.5,0.0357142857142857,0.13157894736842105,-0.15413533834586465,4.334550433202561,3.072734201327694,return_improver
15m_60d,late_us_short_bearish_trend_ce,fixed_2r,partial_1r_be_after_half_target,confirmed_only,38,0.6785714285714286,0.39083284133141855,0.1544695588029874,0.5,0.0357142857142857,0.13157894736842105,-0.15413533834586465,5.533885565973675,3.8498877957102824,return_improver
15m_60d,late_us_short_bearish_trend_ce,fixed_2r,hold_target_expiry,confirmed_only,38,0.6785714285714286,0.40070096589384385,0.15308596645726488,0.5,0.0357142857142857,0.13157894736842105,-0.15413533834586465,5.205243739716759,3.4410818002039543,return_improver
