setup_name,trend_alignment,ctx_240_regime,trades,avg_r,pf,win_rate,direction_accuracy,bad_direction_rate,bad_entry_rate,target_too_far_rate,median_mfe_r,median_mae_r
late_us_short_bull_flush_ce,counter_global_or_structure,bull,469,0.3248554180409971,2.0936711283903473,0.5970149253731343,0.509594882729211,0.24307036247334754,0.3006396588486141,0.1791044776119403,1.007551240560947,-0.5350877192982442
london_long_middle_local_retest,middle_local_ema,bull,290,0.29928108899766187,2.1380549072918074,0.6689655172413793,0.4482758620689655,0.23103448275862068,0.23103448275862068,0.1103448275862069,0.9323392357875062,-0.3710073710073642
london_long_middle_local_next_open,middle_local_ema,bull,283,0.29580973562597984,2.1401350829904238,0.6713780918727915,0.4452296819787986,0.22614840989399293,0.22614840989399293,0.11307420494699646,0.9323392357875062,-0.4352283317800559
ny_long_neutral_reversal_ce,counter_global_or_structure,neutral,1228,0.1769762914698588,1.6571761886871659,0.498371335504886,0.4600977198697068,0.2947882736156352,0.1962540716612378,0.1465798045602606,0.8766006984866179,-0.534154535274363
late_us_short_bearish_trend_ce,global_middle_ema,neutral,276,0.11584074155152993,1.5154858489549135,0.572463768115942,0.30434782608695654,0.41304347826086957,0.21739130434782608,0.16666666666666666,0.5862965340179622,-0.40940272028386093
